{
  "resources": [
    {
      "version": "2.7.3_1654528876",
      "sdkAppId": "0",
      "url":"https://res.qcloudtiw.com/board/cache/2.7.3/tiw-cache-1654528876.zip",
      "files": {
      },
      "regexes": {
        "https:\\/\\/res-dev\\.qcloudtiw\\.com\\/(.+)": "$1",
        "https:\\/\\/res\\.qcloudtiw\\.com\\/(.+)": "$1",
        "https:\\/\\/log\\.qcloudtiw\\.com\\/(.+)": "$1"
      },
      "expired": 200,
      "devBuildTime": 1654528876,
      "devBuildTimeFormat": "2022-06-06/23:21:16",
      "domains": {}
    }
  ],
  "interval": 600
}